Device Name,Hostname,SysName,Reset Reason,Config Register,Type,Image Name,IP Address,Software Type,Software Version,Product ID,CBP Alerts,FN Vulnerable Alerts,Hardware EoX Alerts,PSIRT Vulnerable Alerts,Software Alerts
SITE27-AGG,SITE27-AGG,SITE27-AGG.net.com,PowerOn,null,Managed Multi-Chassis,CAT9K_IOSXE,192.168.230.124,IOS-XE,17.9.5,C9500-40X,19,3,4,5,1
SITE31-AGG,SITE31-AGG,SITE31-AGG.net.com,PowerOn,null,Managed Multi-Chassis,CAT9K_IOSXE,192.168.230.121,IOS-XE,17.9.5,C9500-40X,19,3,4,5,1
SITE64P-CUBE-R1,null,null,null,null,Managed Chassis,X86_64_LINUX_IOSD-UNIVERSALK9-M,192.168.230.15,Missing,Not Found,null,0,0,0,0,0
SITE18-93SW-STACK-01,SITE18-93SW-STACK-01,SITE18-93SW-STACK-01.net.com,stack merge due to incompatiblity,null,Managed Multi-Chassis,CAT9K_IOSXE,192.168.207.11,IOS-XE,17.9.4a,C9300-48UXM,22,3,0,7,1
SITE20-2E-SW-01,SITE20-2E-SW-01,SITE20-2E-SW-01.net.com,LocalSoft,null,Managed Chassis,CAT9K_IOSXE,192.168.230.124,IOS-XE,17.9.4a,C9410R,21,2,2,5,1
SITE20-3W-SOC-AV-SW-01,SITE20-3W-SOC-AV-SW-01,SITE20-3W-SOC-AV-SW-01.net.com,power-on,0xF,Managed Chassis,C3560CX-UNIVERSALK9-M,192.168.230.170,IOS,15.2(7)E7,WS-C3560CX-12PC-S,19,2,1,3,0
SITE20-3W-SW-01,SITE20-3W-SW-01,SITE20-3W-SW-01.net.com,LocalSoft,null,Managed Chassis,CAT9K_IOSXE,192.168.230.125,IOS-XE,17.9.4a,C9410R,26,2,2,6,1
SITE20-3W-SW-02,SITE20-3W-SW-02,SITE20-3W-SW-02.net.com,LocalSoft,null,Managed Chassis,CAT9K_IOSXE,192.168.230.126,IOS-XE,17.9.4a,C9410R,27,2,2,6,1
SITE20-IPTV-SW-01,SITE20-IPTV-SW-01,SITE20-IPTV-SW-01.net.com,Reload Command,null,Managed Chassis,CAT9K_IOSXE,192.168.230.204,IOS-XE,17.9.4a,C9300-48UXM,17,3,0,6,1
SITE20-MGMT-SW-01,SITE20-MGMT-SW-01,SITE20-MGMT-SW-01.net.com,Image Install ReloadReason=Image Install,null,Managed Chassis,CAT9K_IOSXE,192.168.230.200,IOS-XE,17.9.4a,C9300-48UXM,20,3,0,7,1
SITE20-MGMT-SW-03,SITE20-MGMT-SW-03,SITE20-MGMT-SW-03.net.com,Image Install ReloadReason=Image Install,null,Managed Chassis,CAT9K_IOSXE,192.168.230.202,IOS-XE,17.9.4a,C9300-48UXM,18,3,0,7,1
SITE20-MGMT-SW-04,SITE20-MGMT-SW-04,SITE20-MGMT-SW-04.net.com,Image Install ReloadReason=Image Install,null,Managed Chassis,CAT9K_IOSXE,192.168.230.203,IOS-XE,17.9.4a,C9300-48UXM,19,3,0,7,1
SITE24-AV-9200-SW-01,SITE24-AV-9200-SW-01,SITE24-AV-9200-SW-01.net.com,Power Failure or Unknown,0x102,Managed Chassis,CAT9K_LITE_IOSXE,192.168.230.24,IOS-XE,17.9.4a,C9200L-24P-4X,20,3,0,4,1
SITE25-1ST-93SW-STACK-01,SITE25-1ST-93SW-STACK-01,SITE25-1ST-93SW-STACK-01.net.com,Install,null,Managed Multi-Chassis,CAT9K_IOSXE,192.168.230.11,IOS-XE,17.9.5,C9300-48UXM,22,3,0,6,1
SITE29-3RD-94SW-02,SITE29-3RD-94SW-02,SITE29-3RD-94SW-02.net.com,PowerOn,null,Managed Chassis,CAT9K_IOSXE,192.168.230.219,IOS-XE,17.9.5,C9410R,24,2,2,5,1
SITE29-5th-94SW-01,SITE29-5th-94SW-01,SITE29-5th-94SW-01.net.com,PowerOn,null,Managed Chassis,CAT9K_IOSXE,192.168.230.50,IOS-XE,17.9.5,C9410R,24,2,2,5,1
SITE29-5th-94SW-02,SITE29-5th-94SW-02,SITE29-5th-94SW-02.net.com,PowerOn,null,Managed Chassis,CAT9K_IOSXE,192.168.230.51,IOS-XE,17.9.5,C9410R,22,2,2,5,1
SITE31-3RD-AV-LAB-SW-01,SITE31-3RD-AV-LAB-SW-01,SITE31-3RD-AV-LAB-SW-01.net.com,power-on,0xF,Managed Chassis,C3560CX-UNIVERSALK9-M,192.168.230.221,IOS,15.2(7)E7,WS-C3560CX-12PC-S,20,2,1,3,0
SITE42P-CUBE-01,SITE42P-CUBE-01,SITE42P-CUBE-01.net.com,PowerOn,0x2102,Managed Chassis,X86_64_LINUX_IOSD-UNIVERSALK9-M,192.168.12.50,IOS-XE,16.12.4,ISR4431/K9,28,4,3,9,1
SITE43-INF-SW-01,SITE43-INF-SW-01,SITE43-INF-SW-01.net.com,PowerOn,null,Managed Chassis,CAT9K_IOSXE,192.168.23.100,IOS-XE,17.9.5,C9300-48UXM,23,3,2,6,1
SITE44-INF-SW-01,SITE44-INF-SW-01,SITE44-INF-SW-01.net.com,Reload Command,null,Managed Chassis,CAT9K_IOSXE,192.168.25.100,IOS-XE,17.9.5,C9300-48UXM,19,3,1,6,1
SITE66-23RD-93SW-01,SITE66-23RD-93SW-01,SITE66-23RD-93SW-01.net.com,PowerOn,null,Managed Multi-Chassis,CAT9K_IOSXE,192.168.222.13,IOS-XE,17.9.5,C9300-48UXM,22,3,0,6,1
192.168.111.11,TOK-20TH-93SW-01,TOK-20TH-93SW-01.net.com,PowerOn,null,Managed Multi-Chassis,CAT9K_IOSXE,192.168.111.11,IOS-XE,17.9.5,C9300-48UXM,18,3,0,6,1
SITE01-2ND-93SW-01,SITE01-2ND-93SW-01,SITE01-2ND-93SW-01.net.com,PowerOn,null,Managed Multi-Chassis,CAT9K_IOSXE,192.168.94.13,IOS-XE,17.6.4,C9300-48UXM,22,3,0,9,1
SITE01-2ND-94SW-01,SITE01-2ND-94SW-01,SITE01-2ND-94SW-01.net.com,PowerOn,null,Managed Chassis,CAT9K_IOSXE,192.168.94.11,IOS-XE,17.6.4,C9410R,26,3,2,8,1
SITE01-2ND-CORE-95SW-01,SITE01-2ND-CORE-95SW-01,SITE01-2ND-CORE-95SW-01.net.com,PowerOn,null,Managed Multi-Chassis,CAT9K_IOSXE,192.168.94.10,IOS-XE,17.6.4,C9500-40X,21,4,5,8,1
SITE01-3RD-94SW-01,SITE01-3RD-94SW-01,SITE01-3RD-94SW-01.net.com,PowerOn,null,Managed Chassis,CAT9K_IOSXE,192.168.94.12,IOS-XE,17.6.4,C9410R,23,3,2,8,1
SITE02-13TH-94SW-01,SITE02-13TH-94SW-01,SITE02-13TH-94SW-01.net.com,Reload Command,null,Managed Chassis,CAT9K_IOSXE,192.168.126.11,IOS-XE,17.9.5,C9410R,19,2,3,5,1
SITE03-INF-SW-01,null,null,null,null,Managed Chassis,CAT9K_IOSXE,192.168.13.100,Missing,Not Found,null,0,0,0,0,0
SITE04-INF-SW01,SITE04-INF-SW01,SITE04-INF-SW01.net.com,PowerOn,null,Managed Chassis,CAT9K_IOSXE,192.168.17.100,IOS-XE,17.9.5,C9300-48UXM,23,3,1,6,1
SITE05-1ST-93SW-01,SITE05-1ST-93SW-01,SITE05-1ST-93SW-01.net.com,PowerOn,null,Managed Multi-Chassis,CAT9K_IOSXE,192.168.79.11,IOS-XE,17.9.5,C9300-48UXM,20,3,1,6,1
SITE06-10TH-SW-01,SITE06-10TH-SW-01,SITE06-10TH-SW-01.net.com,LocalSoft,null,Managed Chassis,CAT9K_IOSXE,192.168.30.11,IOS-XE,17.9.5,C9410R,24,2,2,5,1
SITE06-9TH-94SW-01,SITE06-9TH-94SW-01,SITE06-9TH-94SW-01.net.com,LocalSoft,null,Managed Chassis,CAT9K_IOSXE,192.168.30.12,IOS-XE,17.9.5,C9410R,22,2,2,5,1
SITE07-INF-93SW-01,SITE07-INF-93SW-01,SITE07-INF-93SW-01.net.com,PowerOn,null,Managed Chassis,CAT9K_IOSXE,192.168.19.100,IOS-XE,17.9.5,C9300-48UXM,23,3,0,6,1
SITE08-INF-93SW-01,SITE08-INF-93SW-01,SITE08-INF-93SW-01.net.com,PowerOn,null,Managed Chassis,CAT9K_IOSXE,192.168.21.100,IOS-XE,17.9.5,C9300-48UXM,22,3,2,6,1
SITE09-INF-SW01,SITE09-INF-SW01,SITE09-INF-SW01.net.com,PowerOn,null,Managed Chassis,CAT9K_IOSXE,192.168.31.11,IOS-XE,17.9.4a,C9500-16X,20,3,5,5,1
SITE09-INF-SW02,SITE09-INF-SW02,SITE09-INF-SW02.net.com,PowerOn,null,Managed Chassis,CAT9K_IOSXE,192.168.31.12,IOS-XE,17.9.4a,C9500-16X,19,3,4,4,1
SITE10-DIA-01,null,null,Reload Command,0x2102,Managed Chassis,X86_64_LINUX_IOSD-UNIVERSALK9-M,192.168.230.12,Missing,Not Found,null,0,0,0,0,0
SITE10-DIA-02,null,null,Reload Command,0x2102,Managed Chassis,X86_64_LINUX_IOSD-UNIVERSALK9-M,192.168.230.13,Missing,Not Found,null,0,0,0,0,0
SITE10-INET-SW01,null,null,PowerOn,null,Managed Chassis,CAT9K_IOSXE,192.168.230.10,Missing,Not Found,null,0,0,0,0,0
SITE10-INET-SW02,null,null,PowerOn,null,Managed Chassis,CAT9K_IOSXE,192.168.230.11,Missing,Not Found,null,0,0,0,0,0
SITE10-MGMT-SW01,null,null,Install,null,Managed Chassis,CAT9K_IOSXE,192.168.230.239,Missing,Not Found,null,0,0,0,0,0
SITE10-N9K-SW01,null,null,Module PowerCycled,null,Managed Chassis,nxos.9.3.12,192.168.230.251,Missing,Not Found,null,0,0,0,0,0
SITE10-N9K-SW02,null,null,Unknown,null,Managed Chassis,nxos.9.3.12,192.168.230.252,Missing,Not Found,null,0,0,0,0,0
SITE11-1ST-CORE-95SW-01,SITE11-1ST-CORE-95SW-01,SITE11-1ST-CORE-95SW-01.net.com,ISSU,null,Managed Multi-Chassis,CAT9K_IOSXE,192.168.94.201,IOS-XE,17.9.5,C9500-40X,18,3,8,4,1
SITE11-1ST-IDF-94SW-01,SITE11-1ST-IDF-94SW-01,SITE11-1ST-IDF-94SW-01.net.com,PowerOn,null,Managed Chassis,CAT9K_IOSXE,192.168.94.222,IOS-XE,17.9.5,C9410R,23,2,2,5,1
SITE11-1ST-MDF-94SW-01,SITE11-1ST-MDF-94SW-01,SITE11-1ST-MDF-94SW-01.net.com,Reload Command,null,Managed Chassis,CAT9K_IOSXE,192.168.94.221,IOS-XE,17.9.5,C9410R,25,2,2,5,1
SITE11-3RD-93SW-01,SITE11-3RD-93SW-01,SITE11-3RD-93SW-01.net.com,Image Install,null,Managed Multi-Chassis,CAT9K_IOSXE,192.168.94.223,IOS-XE,17.9.5,C9300-48UXM,21,3,0,6,1
SITE11-3RD-IDF-94SW-01,SITE11-3RD-IDF-94SW-01,SITE11-3RD-IDF-94SW-01.net.com,LocalSoft,null,Managed Chassis,CAT9K_IOSXE,192.168.94.224,IOS-XE,17.9.5,C9410R,23,2,2,5,1
SITE12-3RD-93SW-01,SITE12-3RD-93SW-01,SITE12-3RD-93SW-01.net.com,Install,null,Managed Multi-Chassis,CAT9K_IOSXE,192.168.223.11,IOS-XE,17.9.5,C9300-48UXM,21,3,0,5,1
SITE13-22ND-94SW-01,SITE13-22ND-94SW-01,SITE13-22ND-94SW-01.net.com,LocalSoft,null,Managed Chassis,CAT9K_IOSXE,192.168.191.11,IOS-XE,17.9.5,C9410R,23,2,3,5,1
SITE14-6TH-93SW-01,SITE14-6TH-93SW-01,SITE14-6TH-93SW-01.net.com,PowerOn,null,Managed Multi-Chassis,CAT9K_IOSXE,192.168.47.11,IOS-XE,17.9.5,C9300-48UXM,21,3,1,6,1
SITE15-2ND-94SW-01,SITE15-2ND-94SW-01,SITE15-2ND-94SW-01.net.com,LocalSoft,null,Managed Chassis,CAT9K_IOSXE,192.168.15.11,IOS-XE,17.9.4a,C9410R,25,2,3,6,1
SITE16-21ST-94SW-01,SITE16-21ST-94SW-01,SITE16-21ST-94SW-01.net.com,LocalSoft,null,Managed Chassis,CAT9K_IOSXE,192.168.127.13,IOS-XE,17.9.5,C9410R,23,2,2,5,1
SITE16-23RD-94SW-01,SITE16-23RD-94SW-01,SITE16-23RD-94SW-01.net.com,LocalSoft,null,Managed Chassis,CAT9K_IOSXE,192.168.127.11,IOS-XE,17.9.5,C9410R,25,2,2,5,1
SITE16-23RD-CORE-SW-01,SITE16-23RD-CORE-SW-01,SITE16-23RD-CORE-SW-01.net.com,ISSU,null,Managed Multi-Chassis,CAT9K_IOSXE,192.168.127.10,IOS-XE,17.9.5,C9500-40X,22,3,7,5,1
SITE17-6TH-94SW-01,SITE17-6TH-94SW-01,SITE17-6TH-94SW-01.net.com,LocalSoft,null,Managed Chassis,CAT9K_IOSXE,192.168.94.11,IOS-XE,17.9.5,C9410R,24,2,2,5,1
SITE19-1ST-94SW-01,SITE19-1ST-94SW-01,SITE19-1ST-94SW-01.net.com,Reload Command,null,Managed Chassis,CAT9K_IOSXE,192.168.94.11,IOS-XE,17.9.5,C9410R,19,2,2,4,1
SITE19-2ND-94SW-01,SITE19-2ND-94SW-01,SITE19-2ND-94SW-01.net.com,Reload Command,null,Managed Chassis,CAT9K_IOSXE,192.168.94.12,IOS-XE,17.9.5,C9410R,19,2,2,4,1
SITE19-3RD-93SW-02,SITE19-3RD-93SW-02,SITE19-3RD-93SW-02.net.com,Reload Command,null,Managed Multi-Chassis,CAT9K_IOSXE,192.168.94.17,IOS-XE,17.9.5,C9300-48UXM,18,3,0,5,1
SITE19-3RD-94SW-01,SITE19-3RD-94SW-01,SITE19-3RD-94SW-01.net.com,LocalSoft,null,Managed Chassis,CAT9K_IOSXE,192.168.94.13,IOS-XE,17.9.5,C9410R,21,2,2,5,1
SITE19-5TH-94SW-01,SITE19-5TH-94SW-01,SITE19-5TH-94SW-01.net.com,Reload Command,null,Managed Chassis,CAT9K_IOSXE,192.168.94.15,IOS-XE,17.9.5,C9410R,19,2,2,4,1
SITE19-CORE-SW-01,SITE19-CORE-SW-01,SITE19-CORE-SW-01.net.com,ISSU,null,Managed Multi-Chassis,CAT9K_IOSXE,192.168.94.10,IOS-XE,17.9.5,C9500-40X,20,3,4,5,1
SITE19-MGMT-SW-01,SITE19-MGMT-SW-01,SITE19-MGMT-SW-01.net.com,Reload Command,null,Managed Chassis,CAT9K_IOSXE,192.168.94.8,IOS-XE,17.9.5,C9300-48UXM,20,3,0,6,1
SITE19-MGMT-SW-02,SITE19-MGMT-SW-02,SITE19-MGMT-SW-02.net.com,"Critical process fman_fp_image fault on fp_0_0 (rc=134), system report at /crashinfo/DOC-MGMT-SW-02_1_RP_0-system-report_1_20250607-164139-UTC.tar.gz",null,Managed Chassis,CAT9K_IOSXE,192.168.94.9,IOS-XE,17.9.5,C9300-48UXM,20,3,0,6,1
SITE20-1E-SW-01,SITE20-1E-SW-01,SITE20-1E-SW-01.net.com,LocalSoft,null,Managed Chassis,CAT9K_IOSXE,192.168.230.121,IOS-XE,17.9.4a,C9410R,24,2,2,6,1
SITE20-1W-SW-01,SITE20-1W-SW-01,SITE20-1W-SW-01.net.com,LocalSoft,null,Managed Chassis,CAT9K_IOSXE,192.168.230.122,IOS-XE,17.9.4a,C9410R,28,2,2,6,1
SITE20-2W-SW-01,SITE20-2W-SW-01,SITE20-2W-SW-01.net.com,LocalSoft,null,Managed Chassis,CAT9K_IOSXE,192.168.230.123,IOS-XE,17.9.4a,C9410R,28,2,2,6,1
SITE20-4W-SW-01,SITE20-4W-SW-01,SITE20-4W-SW-01.net.com,LocalSoft,null,Managed Chassis,CAT9K_IOSXE,192.168.230.127,IOS-XE,17.9.4a,C9410R,26,2,2,6,1
SITE20-4W-SW-02,SITE20-4W-SW-02,SITE20-4W-SW-02.net.com,LocalSoft,null,Managed Chassis,CAT9K_IOSXE,192.168.230.128,IOS-XE,17.9.4a,C9410R,26,2,2,6,1
SITE20-5W-SW-01,SITE20-5W-SW-01,SITE20-5W-SW-01.net.com,LocalSoft,null,Managed Chassis,CAT9K_IOSXE,192.168.230.129,IOS-XE,17.9.4a,C9410R,25,2,2,6,1
SITE20-5W-SW-02,SITE20-5W-SW-02,SITE20-5W-SW-02.net.com,LocalSoft,null,Managed Chassis,CAT9K_IOSXE,192.168.230.130,IOS-XE,17.9.4a,C9410R,26,2,2,6,1
SITE20-6TH-93SW-01,SITE20-6TH-93SW-01,SITE20-6TH-93SW-01.net.com,Reload Command,null,Managed Multi-Chassis,CAT9K_IOSXE,192.168.230.131,IOS-XE,17.9.4a,C9300-48UXM,19,3,0,6,1
SITE20-BUILD-93SW-01,SITE20-BUILD-93SW-01,SITE20-BUILD-93SW-01.net.com,Reload Command,null,Managed Chassis,CAT9K_IOSXE,192.168.230.237,IOS-XE,17.9.4a,C9300-48UXM,15,3,0,6,1
SITE20-CORE-SW-01,SITE20-CORE-SW-01,SITE20-CORE-SW-01.net.com,Image Install,null,Managed Multi-Chassis,CAT9K_IOSXE,192.168.230.11,IOS-XE,17.9.4a,C9500-40X,24,3,5,6,1
SITE20-DIA-01,SITE20-DIA-01,SITE20-DIA-01.net.com,PowerOn,0x2102,Managed Chassis,asr1001x-universalk9,192.168.230.23,IOS-XE,17.6.6a,ASR1001-X,21,6,2,5,1
SITE20-DIA-02,SITE20-DIA-02,SITE20-DIA-02.net.com,PowerOn,0x2102,Managed Chassis,asr1001x-universalk9,192.168.230.24,IOS-XE,17.6.6a,ASR1001-X,21,6,2,5,1
SITE20-GND-MOSAIC-SW01,SITE20-GND-MOSAIC-SW01,SITE20-GND-MOSAIC-SW01.net.com,Reload command,0xF,Managed Chassis,C3560CX-UNIVERSALK9-M,192.168.230.172,IOS,15.2(7)E7,WS-C3560CX-12PC-S,23,2,1,3,0
SITE20-GND-SW-01,SITE20-GND-SW-01,SITE20-GND-SW-01.net.com,Reload Command,null,Managed Chassis,CAT9K_IOSXE,192.168.230.119,IOS-XE,17.9.4a,C9410R,19,2,2,5,1
SITE20-INET-SW01,SITE20-INET-SW01,SITE20-INET-SW01.net.com,Install,null,Managed Chassis,CAT9K_IOSXE,192.168.230.8,IOS-XE,17.9.5,C9300X-24Y,18,3,2,6,1
SITE20-INET-SW02,SITE20-INET-SW02,SITE20-INET-SW02.net.com,Install,null,Managed Chassis,CAT9K_IOSXE,192.168.230.9,IOS-XE,17.9.5,C9300X-24Y,16,3,2,6,1
SITE20-MGMT-SW-02,SITE20-MGMT-SW-02,SITE20-MGMT-SW-02.net.com,Image Install ReloadReason=Image Install,null,Managed Chassis,CAT9K_IOSXE,192.168.230.201,IOS-XE,17.9.4a,C9300-48UXM,18,3,0,7,1
SITE20-SERVER-SW-01,SITE20-SERVER-SW-01,SITE20-SERVER-SW-01.net.com,Power Down/UP epld upgrade process,null,Managed Chassis,nxos64-cs.10.3.6.M,192.168.230.27,NX-OS,10.3(6),N9K-C93180YC-FX,20,0,4,4,1
SITE20-SERVER-SW-02,SITE20-SERVER-SW-02,SITE20-SERVER-SW-02.net.com,Power Down/UP epld upgrade process,null,Managed Chassis,nxos64-cs.10.3.6.M,192.168.230.28,NX-OS,10.3(6),N9K-C93180YC-FX,20,0,3,4,1
SITE20-VG4431-CUBE-01,SITE20-VG4431-CUBE-01,SITE20-VG4431-CUBE-01.net.com,PowerOn,0x2102,Managed Chassis,X86_64_LINUX_IOSD-UNIVERSALK9-M,192.168.230.215,IOS-XE,17.6.5a,ISR4431/K9,25,4,3,5,1
SITE21-INF-SW-01,SITE21-INF-SW-01,SITE21-INF-SW-01.net.com,PowerOn,null,Managed Chassis,CAT9K_IOSXE,192.168.27.100,IOS-XE,17.9.3,C9300-48UXM,24,3,0,7,1
SITE22-INF-SW-01,SITE22-INF-SW-01,SITE22-INF-SW-01.net.com,PowerOn,null,Managed Chassis,CAT9K_IOSXE,192.168.33.100,IOS-XE,17.9.3,C9300-48UXM,25,3,2,8,1
SITE23-33RD-93SW-01,SITE23-33RD-93SW-01,SITE23-33RD-93SW-01.net.com,Install,null,Managed Multi-Chassis,CAT9K_IOSXE,192.168.127.11,IOS-XE,17.9.5,C9300-48P,22,3,1,6,1
SITE24-1E-94SW-01,null,null,LocalSoft,null,Managed Chassis,CAT9K_IOSXE,192.168.230.12,Missing,Not Found,null,0,0,0,0,0
SITE24-1W-94SW-01,SITE24-1W-94SW-01,SITE24-1W-94SW-01.net.com,PowerOn,null,Managed Chassis,CAT9K_IOSXE,192.168.230.11,IOS-XE,17.9.5,C9410R,25,2,2,5,1
SITE24-2E-94SW-01,SITE24-2E-94SW-01,SITE24-2E-94SW-01.net.com,PowerOn,null,Managed Chassis,CAT9K_IOSXE,192.168.230.22,IOS-XE,17.9.5,C9410R,23,2,2,5,1
SITE24-2ND-TOP-93SW-01,SITE24-2ND-TOP-93SW-01,SITE24-2ND-TOP-93SW-01.net.com,PowerOn,null,Managed Multi-Chassis,CAT9K_IOSXE,192.168.230.13,IOS-XE,17.9.5,C9300-48UXM,17,3,0,6,1
SITE24-2W-94SW-01,SITE24-2W-94SW-01,SITE24-2W-94SW-01.net.com,PowerOn,null,Managed Chassis,CAT9K_IOSXE,192.168.230.21,IOS-XE,17.9.5,C9410R,26,2,2,5,1
SITE24-3E-94SW-01,SITE24-3E-94SW-01,SITE24-3E-94SW-01.net.com,PowerOn,null,Managed Chassis,CAT9K_IOSXE,192.168.230.32,IOS-XE,17.9.5,C9410R,24,2,2,5,1
SITE24-3W-94SW-01,SITE24-3W-94SW-01,SITE24-3W-94SW-01.net.com,PowerOn,null,Managed Chassis,CAT9K_IOSXE,192.168.230.31,IOS-XE,17.9.5,C9410R,22,2,2,5,1
SITE24-4E-94SW-01,SITE24-4E-94SW-01,SITE24-4E-94SW-01.net.com,PowerOn,null,Managed Chassis,CAT9K_IOSXE,192.168.230.42,IOS-XE,17.9.5,C9410R,24,2,2,5,1
SITE24-4W-94SW-01,SITE24-4W-94SW-01,SITE24-4W-94SW-01.net.com,PowerOn,null,Managed Chassis,CAT9K_IOSXE,192.168.230.41,IOS-XE,17.9.5,C9410R,23,2,2,5,1
SITE24-5E-94SW-01,SITE24-5E-94SW-01,SITE24-5E-94SW-01.net.com,PowerOn,null,Managed Chassis,CAT9K_IOSXE,192.168.230.52,IOS-XE,17.9.5,C9410R,23,2,2,5,1
SITE24-5W-94SW-01,SITE24-5W-94SW-01,SITE24-5W-94SW-01.net.com,PowerOn,null,Managed Chassis,CAT9K_IOSXE,192.168.230.51,IOS-XE,17.9.5,C9410R,24,2,2,5,1
SITE24-AUD-93SW-STACK-01,SITE24-AUD-93SW-STACK-01,SITE24-AUD-93SW-STACK-01.net.com,Install,null,Managed Multi-Chassis,CAT9K_IOSXE,192.168.230.54,IOS-XE,17.9.5,C9300-48UXM,21,3,2,6,1
SITE24-AUD-CONT-35SW-03,SITE24-AUD-CONT-35SW-03,SITE24-AUD-CONT-35SW-03.net.com,power-on,0xF,Managed Chassis,C3560CX-UNIVERSALK9-M,192.168.230.53,IOS,15.2(7)E9,WS-C3560CX-12PC-S,17,2,1,3,0
SITE24-AUD-CONT-SW-01,SITE24-AUD-CONT-SW-01,SITE24-AUD-CONT-SW-01.net.com,power-on,0xF,Managed Chassis,C3560CX-UNIVERSALK9-M,192.168.230.55,IOS,15.2(7)E7,WS-C3560CX-8PC-S,20,2,2,3,0
SITE24-AUD-CONT-SW-02,SITE24-AUD-CONT-SW-02,SITE24-AUD-CONT-SW-02.net.com,power-on,0xF,Managed Chassis,C3560CX-UNIVERSALK9-M,192.168.230.56,IOS,15.2(7)E7,WS-C3560CX-8PC-S,18,2,2,3,0
SITE24-CORE-SW01,SITE24-CORE-SW01,SITE24-CORE-SW01.net.com,PowerOn,null,Managed Multi-Chassis,CAT9K_IOSXE,192.168.230.1,IOS-XE,17.9.5,C9500-40X,24,3,5,5,1
SITE24-EXTGRG-93SW-01,SITE24-EXTGRG-93SW-01,SITE24-EXTGRG-93SW-01.net.com,PowerOn,null,Managed Chassis,CAT9K_IOSXE,192.168.230.58,IOS-XE,17.9.5,C9300-48UXM,21,3,0,6,1
SITE24-INET-93SW-A,SITE24-INET-93SW-A,SITE24-INET-93SW-A.net.com,PowerOn,null,Managed Chassis,CAT9K_IOSXE,192.168.230.19,IOS-XE,17.9.5,C9300X-24Y,18,3,1,5,1
SITE24-INET-93SW-B,SITE24-INET-93SW-B,SITE24-INET-93SW-B.net.com,PowerOn,null,Managed Chassis,CAT9K_IOSXE,192.168.230.23,IOS-XE,17.9.5,C9300X-24Y,18,3,1,5,1
SITE24-MPOE-93SW-01,SITE24-MPOE-93SW-01,SITE24-MPOE-93SW-01.net.com,Install,null,Managed Chassis,CAT9K_IOSXE,192.168.230.57,IOS-XE,17.9.5,C9300-48UXM,22,3,0,6,1
SITE24-UC-AV-Event-93SW-01,SITE24-UC-AV-Event-93SW-01,SITE24-UC-AV-Event-93SW-01.net.com,PowerOn,null,Managed Chassis,CAT9K_IOSXE,192.168.230.25,IOS-XE,17.9.5,C9300L-24P-4X,17,3,2,6,1
SITE25-2nd-94SW-01,SITE25-2nd-94SW-01,SITE25-2nd-94SW-01.net.com,PowerOn,null,Managed Chassis,CAT9K_IOSXE,192.168.230.12,IOS-XE,17.9.5,C9410R,24,2,2,5,1
SITE25-3rd-94SW-01,SITE25-3rd-94SW-01,SITE25-3rd-94SW-01.net.com,PowerOn,null,Managed Chassis,CAT9K_IOSXE,192.168.230.13,IOS-XE,17.9.5,C9410R,24,2,2,5,1
SITE25-4th-94SW-01,SITE25-4th-94SW-01,SITE25-4th-94SW-01.net.com,PowerOn,null,Managed Chassis,CAT9K_IOSXE,192.168.230.14,IOS-XE,17.9.5,C9410R,24,2,2,5,1
SITE25-CORE-SW01,SITE25-CORE-SW01,SITE25-CORE-SW01.net.com,ISSU,null,Managed Multi-Chassis,CAT9K_IOSXE,192.168.230.1,IOS-XE,17.9.5,C9500-40X,26,3,4,5,1
SITE26-160-AV,SITE26-160-AV,SITE26-160-AV.net.com,power-on,0xF,Managed Chassis,C3560CX-UNIVERSALK9-M,192.168.12.16,IOS,15.2(7)E7,WS-C3560CX-12PC-S,15,2,1,3,0
SITE26-184-AV,SITE26-184-AV,SITE26-184-AV.net.com,power-on,0xF,Managed Chassis,C3560CX-UNIVERSALK9-M,192.168.12.15,IOS,15.2(7)E7,WS-C3560CX-12PC-S,16,2,1,3,0
SITE26-1E-SW03,SITE26-1E-SW03,SITE26-1E-SW03.net.com,PowerOn,null,Managed Chassis,CAT9K_IOSXE,192.168.12.113,IOS-XE,17.9.5,C9410R,26,2,2,5,1
SITE26-1W-SW01,SITE26-1W-SW01,SITE26-1W-SW01.net.com,PowerOn,null,Managed Chassis,CAT9K_IOSXE,192.168.12.111,IOS-XE,17.9.5,C9410R,25,2,2,5,1
SITE26-1W-SW02,SITE26-1W-SW02,SITE26-1W-SW02.net.com,PowerOn,null,Managed Chassis,CAT9K_IOSXE,192.168.12.112,IOS-XE,17.9.5,C9410R,24,2,2,5,1
SITE26-2E-SW03,SITE26-2E-SW03,SITE26-2E-SW03.net.com,PowerOn,null,Managed Chassis,CAT9K_IOSXE,192.168.12.123,IOS-XE,17.9.5,C9410R,25,2,2,5,1
SITE26-2W-SW01,SITE26-2W-SW01,SITE26-2W-SW01.net.com,PowerOn,null,Managed Chassis,CAT9K_IOSXE,192.168.12.121,IOS-XE,17.9.5,C9410R,24,2,2,5,1
SITE26-2W-SW02,SITE26-2W-SW02,SITE26-2W-SW02.net.com,PowerOn,null,Managed Chassis,CAT9K_IOSXE,192.168.12.122,IOS-XE,17.9.5,C9410R,24,2,2,5,1
SITE26-3E-SW03,SITE26-3E-SW03,SITE26-3E-SW03.net.com,PowerOn,null,Managed Chassis,CAT9K_IOSXE,192.168.12.133,IOS-XE,17.9.5,C9410R,24,2,2,5,1
SITE26-3W-SW01,SITE26-3W-SW01,SITE26-3W-SW01.net.com,PowerOn,null,Managed Chassis,CAT9K_IOSXE,192.168.12.131,IOS-XE,17.9.5,C9410R,23,2,2,5,1
SITE26-3W-SW02,SITE26-3W-SW02,SITE26-3W-SW02.net.com,PowerOn,null,Managed Chassis,CAT9K_IOSXE,192.168.12.132,IOS-XE,17.9.5,C9410R,0,2,0,12,1
SITE26-4E-SW03,SITE26-4E-SW03,SITE26-4E-SW03.net.com,PowerOn,null,Managed Chassis,CAT9K_IOSXE,192.168.12.143,IOS-XE,17.9.5,C9410R,24,2,2,5,1
SITE26-4W-SW01,SITE26-4W-SW01,SITE26-4W-SW01.net.com,Force Failover,null,Managed Chassis,CAT9K_IOSXE,192.168.12.141,IOS-XE,17.9.5,C9410R,23,2,2,5,1
SITE26-4W-SW02,SITE26-4W-SW02,SITE26-4W-SW02.net.com,PowerOn,null,Managed Chassis,CAT9K_IOSXE,192.168.12.142,IOS-XE,17.9.5,C9410R,24,2,2,5,1
SITE26-5E-SW03,SITE26-5E-SW03,SITE26-5E-SW03.net.com,Reload Command,null,Managed Chassis,CAT9K_IOSXE,192.168.12.153,IOS-XE,17.9.5,C9410R,24,2,2,5,1
SITE26-5W-SW01,SITE26-5W-SW01,SITE26-5W-SW01.net.com,Reload Command,null,Managed Chassis,CAT9K_IOSXE,192.168.12.151,IOS-XE,17.9.5,C9410R,23,2,2,5,1
SITE26-5W-SW02,SITE26-5W-SW02,SITE26-5W-SW02.net.com,Reload Command,null,Managed Chassis,CAT9K_IOSXE,192.168.12.152,IOS-XE,17.9.5,C9410R,25,2,2,5,1
SITE26-6E-SW03,SITE26-6E-SW03,SITE26-6E-SW03.net.com,Reload Command,null,Managed Chassis,CAT9K_IOSXE,192.168.12.163,IOS-XE,17.9.5,C9410R,23,2,2,5,1
SITE26-6W-SW01,SITE26-6W-SW01,SITE26-6W-SW01.net.com,Reload Command,null,Managed Chassis,CAT9K_IOSXE,192.168.12.161,IOS-XE,17.9.5,C9410R,23,2,2,5,1
SITE26-6W-SW02,SITE26-6W-SW02,SITE26-6W-SW02.net.com,Reload Command,null,Managed Chassis,CAT9K_IOSXE,192.168.12.162,IOS-XE,17.9.5,C9410R,25,2,2,5,1
SITE26-AV-SW01,SITE26-AV-SW01,SITE26-AV-SW01.net.com,power-on,0xF,Managed Chassis,C3560CX-UNIVERSALK9-M,192.168.12.99,IOS,15.2(7)E7,WS-C3560CX-12PD-S,19,2,1,3,0
SITE26-B1E-SW02,SITE26-B1E-SW02,SITE26-B1E-SW02.net.com,PowerOn,null,Managed Multi-Chassis,CAT9K_IOSXE,192.168.12.173,IOS-XE,17.9.5,C9300-48UXM,18,3,1,6,1
SITE26-B1W-SW01,SITE26-B1W-SW01,SITE26-B1W-SW01.net.com,PowerOn,null,Managed Multi-Chassis,CAT9K_IOSXE,192.168.12.171,IOS-XE,17.9.5,C9300-48UXM,18,3,1,6,1
SITE26-BLDG-AGG,SITE26-BLDG-AGG,SITE26-BLDG-AGG.net.com,PowerOn,null,Managed Multi-Chassis,CAT9K_IOSXE,192.168.12.250,IOS-XE,17.9.5,C9500-24Q,22,3,3,5,1
SITE26-CORE-01,SITE26-CORE-01,SITE26-CORE-01.net.com,Module PowerCycled,null,Managed Chassis,nxos.CSCwb70210-n9k_ALL-1.0.0-9.3.9.lib32_n9000,192.168.12.251,NX-OS,9.3(9),N9K-C9504,18,2,0,8,1
SITE26-CORE-02,SITE26-CORE-02,SITE26-CORE-02.net.com,Module PowerCycled,null,Managed Chassis,nxos.CSCwb70210-n9k_ALL-1.0.0-9.3.9.lib32_n9000,192.168.12.252,NX-OS,9.3(9),N9K-C9504,21,2,0,7,1
SITE26-DC-AGG-01,SITE26-DC-AGG-01,SITE26-DC-AGG-01.net.com,Module PowerCycled,null,Managed Chassis,nxos.CSCwb70210-n9k_ALL-1.0.0-9.3.9.lib32_n9000,192.168.12.248,NX-OS,9.3(9),N9K-C93180LC-EX,16,2,1,8,1
SITE26-DC-AGG-02,SITE26-DC-AGG-02,SITE26-DC-AGG-02.net.com,Unknown,null,Managed Chassis,nxos.CSCwb70210-n9k_ALL-1.0.0-9.3.9.lib32_n9000,192.168.12.249,NX-OS,9.3(9),N9K-C93180LC-EX,16,2,1,7,1
SITE26-DC-D3-SW01,SITE26-DC-D3-SW01,SITE26-DC-D3-SW01.net.com,Module PowerCycled,null,Managed Chassis,nxos.CSCwb70210-n9k_ALL-1.0.0-9.3.9.lib32_n9000,192.168.12.240,NX-OS,9.3(9),N9K-C93180YC-FX,18,0,1,8,1
SITE26-DC-D3-SW02,SITE26-DC-D3-SW02,SITE26-DC-D3-SW02.net.com,Module PowerCycled,null,Managed Chassis,nxos.CSCwb70210-n9k_ALL-1.0.0-9.3.9.lib32_n9000,192.168.12.241,NX-OS,9.3(9),N9K-C93180YC-FX,18,0,1,7,1
SITE26-DC-D4-SW01,SITE26-DC-D4-SW01,SITE26-DC-D4-SW01.net.com,Module PowerCycled,null,Managed Chassis,nxos.CSCwb70210-n9k_ALL-1.0.0-9.3.9.lib32_n9000,192.168.12.246,NX-OS,9.3(9),N9K-C93108TC-EX,17,0,1,8,1
SITE26-DC-D4-SW02,SITE26-DC-D4-SW02,SITE26-DC-D4-SW02.net.com,Module PowerCycled,null,Managed Chassis,nxos.CSCwb70210-n9k_ALL-1.0.0-9.3.9.lib32_n9000,192.168.12.247,NX-OS,9.3(9),N9K-C93108TC-EX,17,0,1,8,1
SITE26-DC-E4-SW01,SITE26-DC-E4-SW01,SITE26-DC-E4-SW01.net.com,Module PowerCycled,null,Managed Chassis,nxos.CSCwb70210-n9k_ALL-1.0.0-9.3.9.lib32_n9000,192.168.12.244,NX-OS,9.3(9),N9K-C93108TC-EX,17,2,1,7,1
SITE26-DC-E4-SW02,SITE26-DC-E4-SW02,SITE26-DC-E4-SW02.net.com,Module PowerCycled,null,Managed Chassis,nxos.CSCwb70210-n9k_ALL-1.0.0-9.3.9.lib32_n9000,192.168.12.245,NX-OS,9.3(9),N9K-C93108TC-EX,16,2,1,6,1
SITE26-DC-F4-SW01,SITE26-DC-F4-SW01,SITE26-DC-F4-SW01.net.com,Module PowerCycled,null,Managed Chassis,nxos.CSCwb70210-n9k_ALL-1.0.0-9.3.9.lib32_n9000,192.168.12.242,NX-OS,9.3(9),N9K-C93108TC-EX,16,2,1,8,1
SITE26-DC-F4-SW02,SITE26-DC-F4-SW02,SITE26-DC-F4-SW02.net.com,Module PowerCycled,null,Managed Chassis,nxos.CSCwb70210-n9k_ALL-1.0.0-9.3.9.lib32_n9000,192.168.12.243,NX-OS,9.3(9),N9K-C93108TC-EX,16,0,1,8,1
SITE26-DC-MGMT-SW01,SITE26-DC-MGMT-SW01,SITE26-DC-MGMT-SW01.net.com,Module PowerCycled,null,Managed Chassis,nxos.CSCwb70210-n9k_ALL-1.0.0-9.3.9.lib32_n9000,192.168.12.210,NX-OS,9.3(9),N9K-C9348GC-FXP,12,0,0,7,1
SITE26-DC-MGMT-SW02,SITE26-DC-MGMT-SW02,SITE26-DC-MGMT-SW02.net.com,Module PowerCycled,null,Managed Chassis,nxos.CSCwb70210-n9k_ALL-1.0.0-9.3.9.lib32_n9000,192.168.12.211,NX-OS,9.3(9),N9K-C9348GC-FXP,13,0,0,7,1
SITE26-DC-MGMT-SW03,SITE26-DC-MGMT-SW03,SITE26-DC-MGMT-SW03.net.com,Reset due to upgrade,null,Managed Chassis,nxos.CSCwb70210-n9k_ALL-1.0.0-9.3.9.lib32_n9000,192.168.12.212,NX-OS,9.3(9),N9K-C9348GC-FXP,13,0,0,8,1
SITE26-DC-MGMT-SW04,SITE26-DC-MGMT-SW04,SITE26-DC-MGMT-SW04.net.com,Module PowerCycled,null,Managed Chassis,nxos.CSCwb70210-n9k_ALL-1.0.0-9.3.9.lib32_n9000,192.168.12.213,NX-OS,9.3(9),N9K-C9348GC-FXP,12,0,0,7,1
SITE26-DC-MGMT-SW05,SITE26-DC-MGMT-SW05,SITE26-DC-MGMT-SW05.net.com,Module PowerCycled,null,Managed Chassis,nxos.CSCwb70210-n9k_ALL-1.0.0-9.3.9.lib32_n9000,192.168.12.214,NX-OS,9.3(9),N9K-C9348GC-FXP,14,0,0,7,1
SITE26-INET-SW-A,SITE26-INET-SW-A,SITE26-INET-SW-A.net.com,PowerOn,null,Managed Chassis,CAT9K_IOSXE,192.168.12.10,IOS-XE,17.9.5,C9300X-24Y,17,3,2,5,1
SITE26-INET-SW-B,SITE26-INET-SW-B,SITE26-INET-SW-B.net.com,PowerOn,null,Managed Chassis,CAT9K_IOSXE,192.168.12.11,IOS-XE,17.9.5,C9300X-24Y,18,3,2,5,1
SITE26-IPTV-SW01,SITE26-IPTV-SW01,SITE26-IPTV-SW01.net.com,PowerOn,null,Managed Chassis,CAT9K_IOSXE,192.168.12.100,IOS-XE,17.9.5,C9300-24UX,19,3,1,6,1
SITE26-P1W-SW01,SITE26-P1W-SW01,SITE26-P1W-SW01.net.com,PowerOn,null,Managed Multi-Chassis,CAT9K_IOSXE,192.168.12.175,IOS-XE,17.9.5,C9300-48UXM,17,3,1,6,1
SITE26-P4E-SW02,SITE26-P4E-SW02,SITE26-P4E-SW02.net.com,PowerOn,null,Managed Multi-Chassis,CAT9K_IOSXE,192.168.12.179,IOS-XE,17.9.5,C9300-48UXM,18,3,1,6,1
SITE26-P4W-SW01,SITE26-P4W-SW01,SITE26-P4W-SW01.net.com,PowerOn,null,Managed Multi-Chassis,CAT9K_IOSXE,192.168.12.177,IOS-XE,17.9.5,C9300-48UXM,19,3,1,6,1
SITE27-2S-94SW-01,SITE27-2S-94SW-01,SITE27-2S-94SW-01.net.com,PowerOn,null,Managed Chassis,CAT9K_IOSXE,192.168.230.24,IOS-XE,17.9.5,C9410R,24,2,2,5,1
SITE27-2W-94SW-01,SITE27-2W-94SW-01,SITE27-2W-94SW-01.net.com,PowerOn,null,Managed Chassis,CAT9K_IOSXE,192.168.230.23,IOS-XE,17.9.5,C9410R,23,2,2,5,1
SITE27-3RD-94SW-01,SITE27-3RD-94SW-01,SITE27-3RD-94SW-01.net.com,PowerOn,null,Managed Chassis,CAT9K_IOSXE,192.168.230.216,IOS-XE,17.9.5,C9410R,22,2,2,5,1
SITE27-3RD-94SW-02,SITE27-3RD-94SW-02,SITE27-3RD-94SW-02.net.com,PowerOn,null,Managed Chassis,CAT9K_IOSXE,192.168.230.217,IOS-XE,17.9.5,C9410R,22,2,2,5,1
SITE28-1ST-93SW-01-LAB,SITE28-1ST-93SW-01-LAB,SITE28-1ST-93SW-01-LAB.net.com,Install,null,Managed Multi-Chassis,CAT9K_IOSXE,192.168.230.11,IOS-XE,17.9.5,C9300-48UXM,21,3,0,6,1
SITE28-1ST-93SW-01-MDF,SITE28-1ST-93SW-01-MDF,SITE28-1ST-93SW-01-MDF.net.com,Install,null,Managed Multi-Chassis,CAT9K_IOSXE,192.168.230.12,IOS-XE,17.9.5,C9300-48UXM,22,3,0,6,1
SITE28-2S-94SW-01,SITE28-2S-94SW-01,SITE28-2S-94SW-01.net.com,LocalSoft,null,Managed Chassis,CAT9K_IOSXE,192.168.230.25,IOS-XE,17.9.5,C9410R,22,2,2,5,1
SITE28-2W-94SW-01,SITE28-2W-94SW-01,SITE28-2W-94SW-01.net.com,LocalSoft,null,Managed Chassis,CAT9K_IOSXE,192.168.230.22,IOS-XE,17.9.5,C9410R,22,2,2,5,1
SITE28-3RD-94SW-01,SITE28-3RD-94SW-01,SITE28-3RD-94SW-01.net.com,LocalSoft,null,Managed Chassis,CAT9K_IOSXE,192.168.230.31,IOS-XE,17.9.5,C9410R,22,2,2,5,1
SITE28-3RD-94SW-02,SITE28-3RD-94SW-02,SITE28-3RD-94SW-02.net.com,LocalSoft,null,Managed Chassis,CAT9K_IOSXE,192.168.230.32,IOS-XE,17.9.5,C9410R,20,2,2,5,1
SITE28-4TH-94SW-01,SITE28-4TH-94SW-01,SITE28-4TH-94SW-01.net.com,LocalSoft,null,Managed Chassis,CAT9K_IOSXE,192.168.230.41,IOS-XE,17.9.5,C9410R,22,2,2,5,1
SITE28-4TH-94SW-02,SITE28-4TH-94SW-02,SITE28-4TH-94SW-02.net.com,LocalSoft,null,Managed Chassis,CAT9K_IOSXE,192.168.230.42,IOS-XE,17.9.5,C9410R,20,2,2,5,1
SITE28-AGG,SITE28-AGG,SITE28-AGG.net.com,ISSU,null,Managed Multi-Chassis,CAT9K_IOSXE,192.168.230.123,IOS-XE,17.9.5,C9500-40X,19,3,5,5,1
SITE29-1ST-93SW-01,SITE29-1ST-93SW-01,SITE29-1ST-93SW-01.net.com,PowerOn,null,Managed Multi-Chassis,CAT9K_IOSXE,192.168.230.46,IOS-XE,17.9.5,C9300-48UXM,21,3,0,6,1
SITE29-1ST-94SW-01,SITE29-1ST-94SW-01,SITE29-1ST-94SW-01.net.com,PowerOn,null,Managed Chassis,CAT9K_IOSXE,192.168.230.45,IOS-XE,17.9.5,C9410R,23,2,2,5,1
SITE29-2ND-94SW-01,SITE29-2ND-94SW-01,SITE29-2ND-94SW-01.net.com,PowerOn,null,Managed Chassis,CAT9K_IOSXE,192.168.230.28,IOS-XE,17.9.5,C9410R,23,2,2,5,1
SITE29-2ND-94SW-02,SITE29-2ND-94SW-02,SITE29-2ND-94SW-02.net.com,PowerOn,null,Managed Chassis,CAT9K_IOSXE,192.168.230.29,IOS-XE,17.9.5,C9410R,22,2,2,5,1
SITE29-3RD-94SW-01,SITE29-3RD-94SW-01,SITE29-3RD-94SW-01.net.com,PowerOn,null,Managed Chassis,CAT9K_IOSXE,192.168.230.218,IOS-XE,17.9.5,C9410R,26,2,2,5,1
SITE29-4TH-94SW-01,SITE29-4TH-94SW-01,SITE29-4TH-94SW-01.net.com,PowerOn,null,Managed Chassis,CAT9K_IOSXE,192.168.230.43,IOS-XE,17.9.5,C9410R,23,2,2,5,1
SITE29-4TH-94SW-02,SITE29-4TH-94SW-02,SITE29-4TH-94SW-02.net.com,PowerOn,null,Managed Chassis,CAT9K_IOSXE,192.168.230.44,IOS-XE,17.9.5,C9410R,24,2,2,5,1
SITE29-AGG,SITE29-AGG,SITE29-AGG.net.com,PowerOn,null,Managed Multi-Chassis,CAT9K_IOSXE,192.168.230.122,IOS-XE,17.9.5,C9500-40X,19,3,4,5,1
SITE30-1ST-93SESW-01,SITE30-1ST-93SESW-01,SITE30-1ST-93SESW-01.net.com,Install,null,Managed Multi-Chassis,CAT9K_IOSXE,192.168.230.119,IOS-XE,17.9.5,C9300-48UXM,21,3,0,6,1
SITE30-1W-SW-02,SITE30-1W-SW-02,SITE30-1W-SW-02.net.com,Install,null,Managed Multi-Chassis,CAT9K_IOSXE,192.168.230.128,IOS-XE,17.9.5,C9300-48P,21,3,0,6,1
SITE30-2nd-94SW-01,SITE30-2nd-94SW-01,SITE30-2nd-94SW-01.net.com,LocalSoft,null,Managed Chassis,CAT9K_IOSXE,192.168.230.47,IOS-XE,17.9.5,C9410R,24,2,2,5,1
SITE30-2nd-94SW-02,SITE30-2nd-94SW-02,SITE30-2nd-94SW-02.net.com,LocalSoft,null,Managed Chassis,CAT9K_IOSXE,192.168.230.48,IOS-XE,17.9.5,C9410R,23,2,2,5,1
SITE30-3rd-94SW-01,SITE30-3rd-94SW-01,SITE30-3rd-94SW-01.net.com,LocalSoft,null,Managed Chassis,CAT9K_IOSXE,192.168.230.53,IOS-XE,17.9.5,C9410R,24,2,2,5,1
SITE30-AGG,SITE30-AGG,SITE30-AGG.net.com,ISSU,null,Managed Multi-Chassis,CAT9K_IOSXE,192.168.230.120,IOS-XE,17.9.5,C9500-40X,18,3,4,5,1
SITE30-MEDIA-93SW-01,SITE30-MEDIA-93SW-01,SITE30-MEDIA-93SW-01.net.com,Install,null,Managed Multi-Chassis,CAT9K_IOSXE,192.168.230.150,IOS-XE,17.9.5,C9300-48UXM,18,3,0,6,1
SITE31-1E-93SW-01,SITE31-1E-93SW-01,SITE31-1E-93SW-01.net.com,Install,null,Managed Multi-Chassis,CAT9K_IOSXE,192.168.230.115,IOS-XE,17.9.5,C9300-48UXM,20,3,0,6,1
SITE31-1W-93SW-01,SITE31-1W-93SW-01,SITE31-1W-93SW-01.net.com,Install,null,Managed Multi-Chassis,CAT9K_IOSXE,192.168.230.114,IOS-XE,17.9.5,C9300-48UXM,21,3,0,6,1
SITE31-2ND-SW-01,SITE31-2ND-SW-01,SITE31-2ND-SW-01.net.com,PowerOn,null,Managed Chassis,CAT9K_IOSXE,192.168.230.155,IOS-XE,17.9.5,C9410R,25,2,2,5,1
SITE31-3RD-SW-01,SITE31-3RD-SW-01,SITE31-3RD-SW-01.net.com,PowerOn,null,Managed Chassis,CAT9K_IOSXE,192.168.230.156,IOS-XE,17.9.5,C9410R,28,2,2,5,1
SITE31-3RD-SW-02,SITE31-3RD-SW-02,SITE31-3RD-SW-02.net.com,PowerOn,null,Managed Chassis,CAT9K_IOSXE,192.168.230.157,IOS-XE,17.9.5,C9410R,29,2,2,5,1
SITE31-4TH-SW-01,SITE31-4TH-SW-01,SITE31-4TH-SW-01.net.com,PowerOn,null,Managed Chassis,CAT9K_IOSXE,192.168.230.158,IOS-XE,17.9.5,C9410R,30,2,2,5,1
SITE31-4TH-SW-02,SITE31-4TH-SW-02,SITE31-4TH-SW-02.net.com,PowerOn,null,Managed Chassis,CAT9K_IOSXE,192.168.230.159,IOS-XE,17.9.5,C9410R,24,2,2,5,1
SITE32-93SW-STACK-01,SITE32-93SW-STACK-01,SITE32-93SW-STACK-01.net.com,PowerOn,null,Managed Multi-Chassis,CAT9K_IOSXE,192.168.175.11,IOS-XE,17.9.5,C9300-48UXM,21,3,0,6,1
SITE33-SW-STACK-01,SITE33-SW-STACK-01,SITE33-SW-STACK-01.net.com,PowerOn,null,Managed Multi-Chassis,CAT9K_IOSXE,192.168.15.11,IOS-XE,17.9.5,C9300-48UXM,22,3,0,6,1
SITE34-5TH-94SW-01,SITE34-5TH-94SW-01,SITE34-5TH-94SW-01.net.com,PowerOn,null,Managed Chassis,CAT9K_IOSXE,192.168.30.13,IOS-XE,17.6.4,C9410R,21,3,2,8,1
SITE34-7TH-SW-01,SITE34-7TH-SW-01,SITE34-7TH-SW-01.net.com,PowerOn,null,Managed Chassis,CAT9K_IOSXE,192.168.30.11,IOS-XE,16.12.5b,C9410R,24,2,2,8,1
SITE34-7TH-SW-02,SITE34-7TH-SW-02,SITE34-7TH-SW-02.net.com,PowerOn,null,Managed Chassis,CAT9K_IOSXE,192.168.30.12,IOS-XE,17.6.4,C9410R,26,3,2,8,1
SITE34-CORE-SW-01,SITE34-CORE-SW-01,SITE34-CORE-SW-01.net.com,PowerOn,null,Managed Multi-Chassis,CAT9K_IOSXE,192.168.30.10,IOS-XE,17.6.4,C9500-40X,18,4,4,7,1
SITE36-21ST-93SW-01,SITE36-21ST-93SW-01,SITE36-21ST-93SW-01.net.com,Reload Command,null,Managed Multi-Chassis,CAT9K_IOSXE,192.168.31.11,IOS-XE,17.9.5,C9300-48UXM,18,3,0,6,1
SITE37-93SW-STACK-01,SITE37-93SW-STACK-01,SITE37-93SW-STACK-01.net.com,PowerOn,null,Managed Multi-Chassis,CAT9K_IOSXE,192.168.223.11,IOS-XE,17.6.4,C9300-48UXM,21,3,2,9,1
SITE38-24TH-93SW-01,SITE38-24TH-93SW-01,SITE38-24TH-93SW-01.net.com,Reload reason not captured ReloadReason=Image Install,null,Managed Multi-Chassis,CAT9K_IOSXE,192.168.20.11,IOS-XE,17.9.5,C9300-48UXM,21,3,0,6,1
SITE39-12TH-93SW-01,SITE39-12TH-93SW-01,SITE39-12TH-93SW-01.net.com,PowerOn,null,Managed Multi-Chassis,CAT9K_IOSXE,192.168.207.11,IOS-XE,17.9.5,C9300-48UXM,21,3,1,6,1
SITE40-3RD-94SW-01,SITE40-3RD-94SW-01,SITE40-3RD-94SW-01.net.com,EHSA standby down,null,Managed Chassis,CAT9K_IOSXE,192.168.79.11,IOS-XE,17.9.5,C9410R,25,2,2,5,1
SITE40-4TH-93SW-01,SITE40-4TH-93SW-01,SITE40-4TH-93SW-01.net.com,Reload Command,null,Managed Multi-Chassis,CAT9K_IOSXE,192.168.79.12,IOS-XE,17.9.5,C9300-48UXM,19,3,0,6,1
SITE41-49TH-93SW-02,SITE41-49TH-93SW-02,SITE41-49TH-93SW-02.net.com,Install,null,Managed Multi-Chassis,CAT9K_IOSXE,192.168.111.12,IOS-XE,17.9.5,C9300-48UXM,19,3,0,6,1
SITE41-49TH-94SW-01,SITE41-49TH-94SW-01,SITE41-49TH-94SW-01.net.com,LocalSoft,null,Managed Chassis,CAT9K_IOSXE,192.168.111.11,IOS-XE,17.9.5,C9410R,23,2,3,5,1
SITE42P-CUBE-R2,SITE42P-CUBE-R2,SITE42P-CUBE-R2.net.com,PowerOn,0x2102,Managed Chassis,X86_64_LINUX_IOSD-UNIVERSALK9-M,192.168.18.51,IOS-XE,16.12.4,ISR4431/K9,27,4,3,11,1
SITE43-IT-FIBER-R1,SITE43-IT-FIBER-R1,SITE43-IT-FIBER-R1.net.com,Reload Command,0x2102,Managed Chassis,asr1001x-universalk9,192.168.230.53,IOS-XE,17.6.6a,ASR1001-X,21,6,3,5,1
SITE45-INFENG-SW01,SITE45-INFENG-SW01,SITE45-INFENG-SW01.net.com,Image Install,0x102,Managed Chassis,CAT9K_IOSXE,192.168.30.11,IOS-XE,16.12.6,C9500-16X,18,2,5,9,1
SITE45-INFENG-SW02,SITE45-INFENG-SW02,SITE45-INFENG-SW02.net.com,Image Install,0x102,Managed Chassis,CAT9K_IOSXE,192.168.30.12,IOS-XE,16.12.6,C9500-16X,18,2,5,9,1
SITE46-DIA-01,SITE46-DIA-01,SITE46-DIA-01.net.com,Reload Command,0x2102,Managed Chassis,asr1001x-universalk9,192.168.230.12,IOS-XE,17.6.6a,ASR1001-X,20,6,2,5,1
SITE46-DIA-02,SITE46-DIA-02,SITE46-DIA-02.net.com,Reload Command,0x2102,Managed Chassis,asr1001x-universalk9,192.168.230.13,IOS-XE,17.6.6a,ASR1001-X,20,6,3,5,1
SITE46-INET-SW-01,SITE46-INET-SW-01,SITE46-INET-SW-01.net.com,"Reload Command,Install",null,Managed Chassis,CAT9K_IOSXE,192.168.230.10,IOS-XE,17.9.4a,C9300X-24Y,17,3,2,6,1
SITE46-MGMT-SW01,SITE46-MGMT-SW01,SITE46-MGMT-SW01.net.com,Install,null,Managed Multi-Chassis,CAT9K_IOSXE,192.168.230.239,IOS-XE,17.9.4a,C9300-48UXM,15,3,0,7,1
SITE46-N9K-SW01,SITE46-N9K-SW01,SITE46-N9K-SW01.net.com,Module PowerCycled,null,Managed Chassis,nxos.CSCwb70210-n9k_ALL-1.0.0-9.3.9.lib32_n9000,192.168.230.251,NX-OS,9.3(9),N9K-C9504,17,0,0,8,1
SITE46-N9K-SW02,SITE46-N9K-SW02,SITE46-N9K-SW02.net.com,Reset Requested by CLI command reload,null,Managed Chassis,nxos.CSCwb70210-n9k_ALL-1.0.0-9.3.9.lib32_n9000,192.168.230.252,NX-OS,9.3(9),N9K-C9504,17,0,0,8,1
SITE47-5TH-94SW-01,SITE47-5TH-94SW-01,SITE47-5TH-94SW-01.net.com,PowerOn,null,Managed Chassis,CAT9K_IOSXE,192.168.191.11,IOS-XE,17.9.5,C9410R,22,2,2,4,1
SITE47-6TH-93SW-01,SITE47-6TH-93SW-01,SITE47-6TH-93SW-01.net.com,Reload Command,null,Managed Multi-Chassis,CAT9K_IOSXE,192.168.191.12,IOS-XE,17.9.5,C9300-48UXM,16,3,0,5,1
SITE48-4TH-94SW-01,SITE48-4TH-94SW-01,SITE48-4TH-94SW-01.net.com,PowerOn,null,Managed Chassis,CAT9K_IOSXE,192.168.15.11,IOS-XE,17.9.5,C9410R,24,2,3,5,1
SITE49-3RD-93SW-01,SITE49-3RD-93SW-01,SITE49-3RD-93SW-01.net.com,PowerOn,null,Managed Multi-Chassis,CAT9K_IOSXE,192.168.191.12,IOS-XE,17.9.5,C9300-48UXM,21,3,1,6,1
SITE51-3RD-93SW-STACK-01,null,null,Image Install,null,Managed Chassis,CAT9K_IOSXE,192.168.143.11,Missing,Not Found,null,0,0,0,0,0
SITE52-4TH-94SW-01,SITE52-4TH-94SW-01,SITE52-4TH-94SW-01.net.com,LocalSoft,null,Managed Chassis,CAT9K_IOSXE,192.168.110.11,IOS-XE,17.9.5,C9410R,24,2,3,5,1
SITE53-7TH-93SW-01,SITE53-7TH-93SW-01,SITE53-7TH-93SW-01.net.com,Reload Command,null,Managed Multi-Chassis,CAT9K_IOSXE,192.168.175.10,IOS-XE,17.9.5,C9300-48UXM,25,3,0,6,1
SITE54-33RD-93SW-01,SITE54-33RD-93SW-01,SITE54-33RD-93SW-01.net.com,Image Install,null,Managed Multi-Chassis,CAT9K_IOSXE,192.168.79.11,IOS-XE,17.9.5,C9300-48UXM,22,3,1,6,1
SITE55-14TH-93SW-01,SITE55-14TH-93SW-01,SITE55-14TH-93SW-01.net.com,Reload Command,null,Managed Multi-Chassis,CAT9K_IOSXE,192.168.63.11,IOS-XE,17.9.5,C9300-48P,18,3,1,6,1
SITE55-VG-01,SITE55-VG-01,SITE55-VG-01.net.com,PowerOn,0x2102,Managed Chassis,X86_64_LINUX_IOSD-UNIVERSALK9-M,192.168.63.15,IOS-XE,17.6.5a,ISR4331/K9,24,3,5,5,1
SITE56-17TH-SW-01,SITE56-17TH-SW-01,SITE56-17TH-SW-01.net.com,LocalSoft,null,Managed Chassis,CAT9K_IOSXE,192.168.94.12,IOS-XE,17.9.5,C9410R,23,2,2,5,1
SITE56-18TH-CORE-SW01,SITE56-18TH-CORE-SW01,SITE56-18TH-CORE-SW01.net.com,ISSU,null,Managed Multi-Chassis,CAT9K_IOSXE,192.168.94.2,IOS-XE,17.9.5,C9500-40X,20,3,5,5,1
SITE56-18TH-SW-01,SITE56-18TH-SW-01,SITE56-18TH-SW-01.net.com,LocalSoft,null,Managed Chassis,CAT9K_IOSXE,192.168.94.15,IOS-XE,17.9.5,C9410R,26,2,2,5,1
SITE57-8TH-94SW-01,SITE57-8TH-94SW-01,SITE57-8TH-94SW-01.net.com,PowerOn,null,Managed Chassis,CAT9K_IOSXE,192.168.95.11,IOS-XE,17.9.5,C9410R,27,2,2,5,1
SITE57-9TH-93SW-01,SITE57-9TH-93SW-01,SITE57-9TH-93SW-01.net.com,Install Abort,null,Managed Multi-Chassis,CAT9K_IOSXE,192.168.95.14,IOS-XE,17.9.4a,C9300-48UXM,16,3,0,6,1
SITE57-VG-R1,SITE57-VG-R1,SITE57-VG-R1.net.com,Reload Command,0x2102,Managed Chassis,X86_64_LINUX_IOSD-UNIVERSALK9-M,192.168.95.19,IOS-XE,17.6.5a,ISR4431/K9,26,4,3,5,1
SITE59-3RD-94SW-01,SITE59-3RD-94SW-01,SITE59-3RD-94SW-01.net.com,PowerOn,null,Managed Chassis,CAT9K_IOSXE,192.168.30.11,IOS-XE,17.9.5,C9410R,24,2,2,5,1
SITE59-3RD-CORE-95SW-01,SITE59-3RD-CORE-95SW-01,SITE59-3RD-CORE-95SW-01.net.com,ISSU,null,Managed Multi-Chassis,CAT9K_IOSXE,192.168.30.10,IOS-XE,17.9.5,C9500-40X,18,3,6,5,1
SITE59-4TH-94SW-01,SITE59-4TH-94SW-01,SITE59-4TH-94SW-01.net.com,PowerOn,null,Managed Chassis,CAT9K_IOSXE,192.168.30.12,IOS-XE,17.9.5,C9410R,23,2,2,5,1
SITE59-5TH-94SW-01,SITE59-5TH-94SW-01,SITE59-5TH-94SW-01.net.com,LocalSoft,null,Managed Chassis,CAT9K_IOSXE,192.168.30.13,IOS-XE,17.9.5,C9410R,23,2,2,5,1
SITE60-4TH-IDF-93SW-01,SITE60-4TH-IDF-93SW-01,SITE60-4TH-IDF-93SW-01.net.com,"lost both active and standby,Install",null,Managed Multi-Chassis,CAT9K_IOSXE,192.168.158.12,IOS-XE,17.9.5,C9300-48UXM,21,3,0,6,1
SITE60-4TH-MDF-93SW-01,SITE60-4TH-MDF-93SW-01,SITE60-4TH-MDF-93SW-01.net.com,Install,null,Managed Multi-Chassis,CAT9K_IOSXE,192.168.158.11,IOS-XE,17.9.5,C9300-48UXM,22,3,1,6,1
SITE61-9TH-93SW-01,SITE61-9TH-93SW-01,SITE61-9TH-93SW-01.net.com,"SMU Install Abort,Install",null,Managed Multi-Chassis,CAT9K_IOSXE,192.168.95.11,IOS-XE,17.9.5,C9300-48UXM,22,3,2,6,1
SITE62-12TH-93SW-01,SITE62-12TH-93SW-01,SITE62-12TH-93SW-01.net.com,null,null,Managed Multi-Chassis,CAT9K_IOSXE,192.168.79.11,IOS-XE,17.9.5,C9300-48UXM,0,3,1,15,1
SITE63-7TH-SW-01,SITE63-7TH-SW-01,SITE63-7TH-SW-01.net.com,PowerOn,null,Managed Chassis,CAT9K_IOSXE,192.168.95.11,IOS-XE,17.9.5,C9410R,0,2,0,7,1
SITE65-5TH-93SW-STACK-01,SITE65-5TH-93SW-STACK-01,SITE65-5TH-93SW-STACK-01.net.com,Install,null,Managed Multi-Chassis,CAT9K_IOSXE,192.168.159.11,IOS-XE,17.9.5,C9300-48UXM,21,3,1,6,1
SITE66-21ST-93SW-01,SITE66-21ST-93SW-01,SITE66-21ST-93SW-01.net.com,PowerOn,null,Managed Multi-Chassis,CAT9K_IOSXE,192.168.222.15,IOS-XE,17.9.5,C9300-48UXM,21,3,0,5,1
SITE66-22ND-93SW-01,SITE66-22ND-93SW-01,SITE66-22ND-93SW-01.net.com,PowerOn,null,Managed Multi-Chassis,CAT9K_IOSXE,192.168.222.14,IOS-XE,17.9.5,C9300-48UXM,20,3,0,5,1
SITE66-24TH-93SW-01,SITE66-24TH-93SW-01,SITE66-24TH-93SW-01.net.com,PowerOn,null,Managed Multi-Chassis,CAT9K_IOSXE,192.168.222.12,IOS-XE,17.9.5,C9300-48UXM,23,3,0,6,1
SITE66-25TH-93SW-01,SITE66-25TH-93SW-01,SITE66-25TH-93SW-01.net.com,PowerOn,null,Managed Multi-Chassis,CAT9K_IOSXE,192.168.222.11,IOS-XE,17.9.5,C9300-48UXM,23,3,0,6,1
SITE66-25TH-95SW-01,SITE66-25TH-95SW-01,SITE66-25TH-95SW-01.net.com,PowerOn,null,Managed Multi-Chassis,CAT9K_IOSXE,192.168.222.10,IOS-XE,17.9.5,C9500-40X,22,3,5,5,1
SITE67-6TH-94SW-01,SITE67-6TH-94SW-01,SITE67-6TH-94SW-01.net.com,Reload Command,null,Managed Chassis,CAT9K_IOSXE,192.168.143.11,IOS-XE,17.9.4a,C9410R,23,2,4,6,1
SITE69-SW-01,SITE69-SW-01,SITE69-SW-01.net.com,PowerOn,null,Managed Chassis,CAT9K_IOSXE,192.168.47.11,IOS-XE,17.9.5,C9410R,28,2,2,5,1
SITE70-3RD-93SW-01,SITE70-3RD-93SW-01,SITE70-3RD-93SW-01.net.com,PowerOn,null,Managed Multi-Chassis,CAT9K_IOSXE,192.168.207.11,IOS-XE,17.9.5,C9300-48UXM,19,3,0,5,1
SITE42p-zoom-cube-01,SITE42p-zoom-cube-01,SITE42p-zoom-cube-01.net.com,Reload Command,0x2102,Managed Chassis,X86_64_LINUX_IOSD-UNIVERSALK9-M,192.168.12.54,IOS-XE,16.12.4,ISR4431/K9,28,4,3,11,1
SITE20-GND-SW-02,SITE20-GND-SW-02,SITE20-GND-SW-02.net.com,Reload Command,null,Managed Chassis,CAT9K_IOSXE,192.168.230.120,IOS-XE,17.9.4a,C9410R,19,2,2,5,1
SITE46-INET-SW-02,SITE46-INET-SW-02,SITE46-INET-SW-02.net.com,"Reload Command,Install",null,Managed Chassis,CAT9K_IOSXE,192.168.230.11,IOS-XE,17.9.4a,C9300X-24Y,17,3,2,7,1
SITE56-ISP2-R1,SITE56-ISP2-R1,SITE56-ISP2-R1.net.com,Reload Command,0x2102,Managed Chassis,X86_64_LINUX_IOSD-UNIVERSALK9-M,192.168.94.11,IOS-XE,17.6.5a,ISR4431/K9,19,4,3,5,1
SITE57-DIA-01,SITE57-DIA-01,SITE57-DIA-01.net.com,Reload Command,0x2102,Managed Chassis,X86_64_LINUX_IOSD-UNIVERSALK9-M,192.168.95.12,IOS-XE,17.9.6,C8500-12X4QC,19,0,0,4,1
SITE57-DIA-02,SITE57-dia-02,SITE57-dia-02.net.com,PowerOn,0x2102,Managed Chassis,X86_64_LINUX_IOSD-UNIVERSALK9-M,192.168.95.13,IOS-XE,17.9.5a,C8500-12X4QC,19,2,0,4,1
SITE24-DIA-01,SITE24-DIA-R1,SITE24-DIA-R1.net.com,PowerOn,0x2102,Managed Chassis,X86_64_LINUX_IOSD-UNIVERSALK9-M,192.168.230.17,IOS-XE,17.9.5a,C8500-12X4QC,18,2,0,4,1
SITE25-Ring-A,SITE25-DF-R1,SITE25-DF-R1.net.com,Image Install,0x2102,Managed Chassis,X86_64_LINUX_IOSD-UNIVERSALK9-M,192.168.230.91,IOS-XE,17.9.5a,C8500-12X4QC,19,2,0,4,1
SITE25-Ring-B,SITE25-DF-R2,SITE25-DF-R2.net.com,Image Install,0x2102,Managed Chassis,X86_64_LINUX_IOSD-UNIVERSALK9-M,192.168.230.92,IOS-XE,17.9.5a,C8500-12X4QC,19,2,0,4,1
SITE26-DIA-01,SITE26-DIA-R1,SITE26-DIA-R1.net.com,PowerOn,0x2102,Managed Chassis,X86_64_LINUX_IOSD-UNIVERSALK9-M,192.168.12.12,IOS-XE,17.9.5a,C8500-12X4QC,17,2,0,4,1
SITE26-Ring-A,SITE26-DF-R1,SITE26-DF-R1.net.com,PowerOn,0x2102,Managed Chassis,X86_64_LINUX_IOSD-UNIVERSALK9-M,192.168.12.91,IOS-XE,17.9.5a,C8500-12X4QC,20,2,0,4,1
SITE26-Ring-B,SITE26-DF-R2,SITE26-DF-R2.net.com,PowerOn,0x2102,Managed Chassis,X86_64_LINUX_IOSD-UNIVERSALK9-M,192.168.12.92,IOS-XE,17.9.5a,C8500-12X4QC,24,2,0,4,1
SITE24-DIA-02,SITE24-DIA-R2,SITE24-DIA-R2.net.com,PowerOn,0x2102,Managed Chassis,X86_64_LINUX_IOSD-UNIVERSALK9-M,192.168.230.18,IOS-XE,17.9.5a,C8500-12X4QC,19,2,0,4,1
SITE24-Ring-A,SITE24-DF-R1,SITE24-DF-R1.net.com,PowerOn,0x2102,Managed Chassis,X86_64_LINUX_IOSD-UNIVERSALK9-M,192.168.230.91,IOS-XE,17.9.5a,C8500-12X4QC,21,2,0,4,1
SITE24-Ring-B,SITE24-DF-R2,SITE24-DF-R2.net.com,PowerOn,0x2102,Managed Chassis,X86_64_LINUX_IOSD-UNIVERSALK9-M,192.168.230.92,IOS-XE,17.9.5a,C8500-12X4QC,23,2,0,4,1
SITE26-DIA-02,SITE26-DIA-R2,SITE26-DIA-R2.net.com,PowerOn,0x2102,Managed Chassis,X86_64_LINUX_IOSD-UNIVERSALK9-M,192.168.12.13,IOS-XE,17.9.5a,C8500-12X4QC,20,2,0,4,1
SITE06-3RD-94SW-01.net.com,SITE06-3RD-94SW-01,SITE06-3RD-94SW-01.net.com,PowerOn,null,Managed Chassis,CAT9K_IOSXE,192.168.30.14,IOS-XE,17.6.4,C9410R,19,3,2,7,1
SITE06-4TH-94SW-01.net.com,SITE06-4TH-94SW-01,SITE06-4TH-94SW-01.net.com,PowerOn,null,Managed Chassis,CAT9K_IOSXE,192.168.30.15,IOS-XE,17.6.4,C9410R,18,3,2,7,1
SITE50-1IDF2-94SW-01.net.com,SITE50-1IDF2-94SW-01,SITE50-1IDF2-94SW-01.net.com,PowerOn,null,Managed Chassis,CAT9K_IOSXE,192.168.23.12,IOS-XE,17.9.5,C9410R,19,1,1,4,1
SITE50-1MDF1-94SW-01.net.com,SITE50-1MDF1-94SW-01,SITE50-1MDF1-94SW-01.net.com,PowerOn,null,Managed Chassis,CAT9K_IOSXE,192.168.23.11,IOS-XE,17.9.5,C9410R,19,1,1,4,1
SITE50-1ST-CORE-95SW-01.net.com,SITE50-1ST-CORE-95SW-01,SITE50-1ST-CORE-95SW-01.net.com,PowerOn,null,Managed Multi-Chassis,CAT9K_IOSXE,192.168.23.9,IOS-XE,17.9.5,C9500-48Y4C,25,2,1,5,1
SITE50-2IDF1-94SW-01.net.com,SITE50-2IDF1-94SW-01,SITE50-2IDF1-94SW-01.net.com,PowerOn,null,Managed Chassis,CAT9K_IOSXE,192.168.23.13,IOS-XE,17.9.5,C9410R,19,1,1,4,1
SITE50-2IDF2-94SW-01.net.com,SITE50-2IDF2-94SW-01,SITE50-2IDF2-94SW-01.net.com,PowerOn,null,Managed Chassis,CAT9K_IOSXE,192.168.23.14,IOS-XE,17.9.5,C9410R,19,1,1,4,1
SITE58-6TH-94SW-01.net.com,SITE58-6TH-94SW-01,SITE58-6TH-94SW-01.net.com,PowerOn,null,Managed Chassis,CAT9K_IOSXE,192.168.158.11,IOS-XE,17.9.5,C9410R,18,2,2,4,1
SITE58-6TH-94SW-02.net.com,SITE58-6TH-94SW-02,SITE58-6TH-94SW-02.net.com,PowerOn,null,Managed Chassis,CAT9K_IOSXE,192.168.158.12,IOS-XE,17.9.5,C9410R,18,2,2,4,1
SITE58-6TH-95SW-01.net.com,SITE58-6TH-95SW-01,SITE58-6TH-95SW-01.workdayinternal.com,PowerOn,null,Managed Multi-Chassis,CAT9K_IOSXE,192.168.158.10,IOS-XE,17.9.5,C9500-24Y4C,17,2,1,4,1
SITE66-19TH-93SW-01.net.com,SITE66-19TH-93SW-01,SITE66-19TH-93SW-01.net.com,PowerOn,null,Managed Multi-Chassis,CAT9K_IOSXE,192.168.222.16,IOS-XE,17.9.5,C9300-48UXM,16,3,0,5,1
SITE66-20TH-93SW-01.net.com,SITE66-20TH-93SW-01,SITE66-20TH-93SW-01.net.com,PowerOn,null,Managed Multi-Chassis,CAT9K_IOSXE,192.168.222.17,IOS-XE,17.9.5,C9300-48UXM,16,3,0,5,1
SITE06-10th-95sw-01.net.com,SITE06-10TH-95SW-01,SITE06-10TH-95SW-01.workdayinternal.com,Reload Command,null,Managed Multi-Chassis,CAT9K_IOSXE,192.168.30.10,IOS-XE,17.9.5,C9500-48Y4C,18,2,1,4,1
SITE31-2nd-94sw-02.net.com,SITE31-2ND-94SW-02,SITE31-2ND-94SW-02.workdayinternal.com,LocalSoft,null,Managed Chassis,CAT9K_IOSXE,192.168.230.154,IOS-XE,17.9.5,C9410R,23,2,2,5,1
SITE68-6th-93sw-01.net.com,SITE68-6TH-MDF-93SW-01,SITE68-6TH-MDF-93SW-01.workdayinternal.com,PowerOn,null,Managed Multi-Chassis,CAT9K_IOSXE,192.168.239.11,IOS-XE,17.9.5,C9300-48UXM,21,3,1,5,1
SITE48-3RD-93SW-01.net.com,SITE48-3RD-93SW-01,SITE48-3RD-93SW-01.net.com,Install,null,Managed Multi-Chassis,CAT9K_IOSXE,192.168.15.12,IOS-XE,17.9.5,C9300-48UXM,16,3,0,5,1
SITE35-SW-01.net.com,SITE35-SW-01,SITE35-SW-01.workdayinternal.com,Reload Command,null,Managed Chassis,CAT9K_IOSXE,192.168.1.100,IOS-XE,17.9.5,C9300-48UXM,18,3,0,5,1
